Model,Mean score,Std Dev
Random Forest SMOTE,0.7611314611314611,0.02659435462459446
Random Forest,0.7500203500203501,0.018366860107344528
Logistic Regression,0.7096052096052096,0.054569178151108656
Logistic Regression SMOTE,0.7095645095645096,0.058331436913466005
Nearest Neighbors SMOTE,0.6655270655270655,0.0606155750580014
Nearest Neighbors,0.6618640618640619,0.06565016232579564
