Model,AUC,AUPRC,Accuracy,F1,Precision,Recall
CNN (EfficientNet-B0),0.5915032679738561,0.6058108574148344,0.5491803278688525,0.45544554455445546,0.48936170212765956,0.42592592592592593
