Model,AUC,AUPRC,Accuracy,F1,Precision,Recall
ML (LogisticRegression),0.7444444444444445,0.7756599326599326,0.7378787878787879,0.72,0.731111111111111,0.7333333333333333
ML (RandomForest),0.8044444444444444,0.7969285714285714,0.7030303030303031,0.6622222222222224,0.6695238095238096,0.6733333333333333
ML (KNN),0.6294444444444445,0.6752453102453103,0.6151515151515151,0.5923076923076923,0.6,0.6266666666666667
CNN (EfficientNet-B0),0.5915032679738561,0.6058108574148344,0.5491803278688525,0.4554455445544554,0.4893617021276595,0.4259259259259259
MedCLIP+LoRA (Vision),0.7374727668845316,0.7257938098638993,0.7377049180327869,0.6363636363636364,0.8235294117647058,0.5185185185185185
