Model,AUC,AUPRC,Accuracy,F1,Precision,Recall
MedCLIP+LoRA (Vision),0.7374727668845316,0.7257938098638993,0.7377049180327869,0.6363636363636364,0.8235294117647058,0.5185185185185185
