Model,AUC,AUPRC,Accuracy,F1-Score,Precision,Recall
ML (LogisticRegression),0.7444444444444445,0.7756599326599326,0.7378787878787879,0.72,0.731111111111111,0.7333333333333333
ML (RandomForest),0.8044444444444444,0.7969285714285714,0.7030303030303031,0.6622222222222224,0.6695238095238096,0.6733333333333333
ML (KNN),0.6294444444444445,0.6752453102453103,0.6151515151515151,0.5923076923076923,0.6,0.6266666666666667
